[{"name": "Anomaly", "view": 102636}, {"name": "Rubius", "view": 63238}, {"name": "LuckReunion", "view": 60576}, {"name": "Tfue", "view": 59488}, {"name": "TheRealKnossi", "view": 57511}, {"name": "summit1g", "view": 44917}, {"name": "DrDisrespect", "view": 37569}, {"name": "Myth", "view": 34017}, {"name": "fextralife", "view": 32673}, {"name": "LIRIK", "view": 31560}, {"name": "gaules", "view": 22792}, {"name": "Squeezielive", "view": 21590}, {"name": "shroudohaq", "view": 20132}, {"name": "Clix", "view": 19913}, {"name": "alanzoka", "view": 18994}, {"name": "Arteezy", "view": 18497}, {"name": "JLTomy", "view": 17687}, {"name": "Kamet0", "view": 17238}, {"name": "xQcOW", "view": 17150}, {"name": "Yassuo", "view": 14837}]